<publishData>
  <publishTarget publishUrl="s:\temp\mally\">
    <file relUrl="Scripts/jquery-1.3.2.js" publishTime="03/07/2010 13:56:17" />
    <file relUrl="bin/Linq2Sql.Repository.dll" publishTime="03/10/2010 21:25:15" />
    <file relUrl="bin/Linq2Sql.Repository.pdb" publishTime="03/10/2010 21:25:15" />
    <file relUrl="Global.asax" publishTime="03/07/2010 13:56:17" />
    <file relUrl="bin/Linq2SqlDemo.pdb" publishTime="03/10/2010 21:25:16" />
    <file relUrl="Web.config" publishTime="03/08/2010 21:19:33" />
    <file relUrl="bin/Linq2Sql.Service.pdb" publishTime="03/10/2010 21:25:15" />
    <file relUrl="bin/Northwind.xml" publishTime="03/10/2010 21:16:14" />
    <file relUrl="bin/Linq2Sql.Model.pdb" publishTime="03/10/2010 21:25:15" />
    <file relUrl="Views/Shared/Site.Master" publishTime="03/07/2010 13:56:17" />
    <file relUrl="Views/Home/About.aspx" publishTime="03/07/2010 13:56:17" />
    <file relUrl="Views/Shared/LogOnUserControl.ascx" publishTime="03/07/2010 13:56:17" />
    <file relUrl="Scripts/jquery-1.3.2-vsdoc.js" publishTime="03/07/2010 13:56:17" />
    <file relUrl="bin/Linq2SqlDemo.dll" publishTime="03/10/2010 21:25:16" />
    <file relUrl="bin/StructureMap.dll" publishTime="02/04/2010 19:15:00" />
    <file relUrl="bin/Linq2Sql.Service.dll" publishTime="03/10/2010 21:25:15" />
    <file relUrl="Views/Shared/Error.aspx" publishTime="03/07/2010 13:56:17" />
    <file relUrl="Views/Web.config" publishTime="03/07/2010 13:56:17" />
    <file relUrl="bin/Linq2Sql.Model.dll" publishTime="03/10/2010 21:25:15" />
    <file relUrl="Views/Home/Index.aspx" publishTime="03/07/2010 13:56:17" />
    <file relUrl="Content/Site.css" publishTime="03/07/2010 13:56:17" />
  </publishTarget>
</publishData>