<?xml version="1.0" encoding="UTF-8"?><?xml-stylesheet type='text/xsl' href='_UpgradeReport_Files/UpgradeReport.xslt'?><UpgradeLog>
<Properties><Property Name="Solution" Value="DDD">
</Property><Property Name="Solution File" Value="S:\Articles\DDD\DDD.sln">
</Property><Property Name="Date" Value="Friday, 23 April 2010">
</Property><Property Name="Time" Value="21:02 PM">
</Property></Properties><Event ErrorLevel="0" Project="DDD.Model" Source="DDD.Model\DDD.Model.csproj" Description="The project file does not require conversion.">
</Event><Event ErrorLevel="3" Project="DDD.Model" Source="DDD.Model\DDD.Model.csproj" Description="No Conversion Required">
</Event><Event ErrorLevel="0" Project="DDD.Repository" Source="DDD.Repository\DDD.Repository.csproj" Description="The project file does not require conversion.">
</Event><Event ErrorLevel="3" Project="DDD.Repository" Source="DDD.Repository\DDD.Repository.csproj" Description="No Conversion Required">
</Event><Event ErrorLevel="0" Project="DDD.Service" Source="DDD.Service\DDD.Service.csproj" Description="The project file does not require conversion.">
</Event><Event ErrorLevel="3" Project="DDD.Service" Source="DDD.Service\DDD.Service.csproj" Description="No Conversion Required">
</Event><Event ErrorLevel="0" Project="DDD.Website" Source="DDD.Website\DDD.Website.csproj" Description="The project file does not require conversion.">
</Event><Event ErrorLevel="3" Project="DDD.Website" Source="DDD.Website\DDD.Website.csproj" Description="No Conversion Required">
</Event><Event ErrorLevel="0" Project="DDD.Tests" Source="DDD.Tests\DDD.Tests.csproj" Description="Project converted successfully">
</Event><Event ErrorLevel="3" Project="DDD.Tests" Source="DDD.Tests\DDD.Tests.csproj" Description="Converted">
</Event><Event ErrorLevel="0" Project="DDD.IoC" Source="DDD.IoC\DDD.IoC.csproj" Description="The project file does not require conversion.">
</Event><Event ErrorLevel="3" Project="DDD.IoC" Source="DDD.IoC\DDD.IoC.csproj" Description="No Conversion Required">
</Event><Event ErrorLevel="0" Project="" Source="DDD.sln" Description="The solution file does not require conversion.">
</Event><Event ErrorLevel="3" Project="" Source="DDD.sln" Description="No Conversion Required">
</Event><Event ErrorLevel="0" Project="DDD.Tests" Source="DDD.Tests\DDD.Tests.csproj" Description="Scan complete: Upgrade not required for project files.">
</Event></UpgradeLog>