<?xml version="1.0"?>
<doc>
    <assembly>
        <name>WebFormsMvp.Contrib</name>
    </assembly>
    <members>
        <member name="T:WebFormsMvp.Contrib.Presenters.AuthenticationPresenter">
            <summary>
            Presenter which provides authentication of an account via the <see cref="T:WebFormsMvp.Contrib.Data.Services.IAuthenticationService"/>
            </summary>
            <remarks>
            <para>
                This presenter would need to be inherited from unless the instance of <see cref="T:WebFormsMvp.Binder.IPresenterFactory"/> 
                used injects the <see cref="T:WebFormsMvp.Contrib.Data.Services.IAuthenticationService"/>.
            </para>
            <seealso cref="T:WebFormsMvp.Presenter`1"/>
            </remarks>
        </member>
        <member name="F:WebFormsMvp.Contrib.Presenters.AuthenticationPresenter.dataService">
            <summary>
            The instance of the <see cref="T:WebFormsMvp.Contrib.Data.Services.IAuthenticationService"/> for this presenter
            </summary>
        </member>
        <member name="M:WebFormsMvp.Contrib.Presenters.AuthenticationPresenter.#ctor(WebFormsMvp.Contrib.Views.IAuthenticationView,WebFormsMvp.Contrib.Data.Services.IAuthenticationService)">
            <summary>
            Initializes a new instance of the <see cref="T:WebFormsMvp.Contrib.Presenters.AuthenticationPresenter"/> class.
            </summary>
            <param name="view">The view required for this presenter.</param>
            <param name="dataService">The data service required for this presenter.</param>
        </member>
        <member name="M:WebFormsMvp.Contrib.Presenters.AuthenticationPresenter.View_Submit(System.Object,WebFormsMvp.Contrib.Views.AuthenticationEventArgs)">
            <summary>
            Handles the Submit (Authentication) event of the View control.
            </summary>
            <param name="sender">The source of the event.</param>
            <param name="e">The <see cref="T:WebFormsMvp.Contrib.Views.AuthenticationEventArgs"/> instance containing the event data.</param>
        </member>
        <member name="M:WebFormsMvp.Contrib.Presenters.AuthenticationPresenter.View_Load(System.Object,System.EventArgs)">
            <summary>
            Handles the Load event of the View control.
            </summary>
            <param name="sender">The source of the event.</param>
            <param name="e">The <see cref="T:System.EventArgs"/> instance containing the event data.</param>
        </member>
        <member name="M:WebFormsMvp.Contrib.Presenters.AuthenticationPresenter.ReleaseView">
            <summary>
            Releases the view.
            </summary>
        </member>
        <member name="T:WebFormsMvp.Contrib.Data.Services.INewsService">
            <summary>
            Data Service for providing features for a news feature to a site
            </summary>
        </member>
        <member name="M:WebFormsMvp.Contrib.Data.Services.INewsService.GetNewsArticles">
            <summary>
            Gets a collection of <see cref="T:WebFormsMvp.Contrib.Data.Models.INewsArticle"/>.
            </summary>
            <returns></returns>
        </member>
        <member name="M:WebFormsMvp.Contrib.Data.Services.INewsService.GetNewsArticle(System.Int32)">
            <summary>
            Gets the news article.
            </summary>
            <param name="id">The id of the news article.</param>
            <returns></returns>
        </member>
        <member name="T:WebFormsMvp.Contrib.Views.INewsArchiveView">
            <summary>
            
            </summary>
        </member>
        <member name="P:WebFormsMvp.Contrib.Views.INewsArchiveView.NumberOfArticles">
            <summary>
            Gets or sets the number of articles required for the view implementation
            </summary>
            <value>The number of articles.</value>
        </member>
        <member name="T:WebFormsMvp.Contrib.Presenters.NewsArchivePresenter">
            <summary>
            
            </summary>
        </member>
        <member name="T:WebFormsMvp.Contrib.Models.NewsArticleModel">
            <summary>
            
            </summary>
        </member>
        <member name="P:WebFormsMvp.Contrib.Models.NewsArticleModel.NewsArticle">
            <summary>
            Gets or sets the news article.
            </summary>
            <value>The news article.</value>
        </member>
        <member name="P:WebFormsMvp.Contrib.Models.NewsArchiveModel.NewsArticles">
            <summary>
            Gets or sets the news articles.
            </summary>
            <value>The news articles.</value>
        </member>
        <member name="T:WebFormsMvp.Contrib.Presenters.NewsArticlePresenter">
            <summary>
            Presenter which provides a <see cref="T:WebFormsMvp.Contrib.Data.Models.INewsArticle"/> via the <see cref="T:WebFormsMvp.Contrib.Data.Services.INewsService"/>.
            Loaded via QueryString parameter 'id'
            </summary>
            <remarks>
            <para>
                This presenter would need to be inherited from unless the instance of <see cref="T:WebFormsMvp.Binder.IPresenterFactory"/> 
                used injects the <see cref="T:WebFormsMvp.Contrib.Data.Services.INewsService"/>.
            </para>
            <seealso cref="T:WebFormsMvp.Presenter`1"/>
            </remarks>
        </member>
        <member name="F:WebFormsMvp.Contrib.Presenters.NewsArticlePresenter.dataService">
            <summary>
            The <see cref="T:WebFormsMvp.Contrib.Data.Services.INewsService"/> for the presenter
            </summary>
        </member>
        <member name="M:WebFormsMvp.Contrib.Presenters.NewsArticlePresenter.#ctor(WebFormsMvp.IView{WebFormsMvp.Contrib.Models.NewsArticleModel},WebFormsMvp.Contrib.Data.Services.INewsService)">
            <summary>
            Initializes a new instance of the <see cref="T:WebFormsMvp.Contrib.Presenters.NewsArticlePresenter"/> class.
            </summary>
            <param name="view">The view.</param>
            <param name="dataService">The data service.</param>
        </member>
        <member name="M:WebFormsMvp.Contrib.Presenters.NewsArticlePresenter.View_Load(System.Object,System.EventArgs)">
            <summary>
            Handles the Load event of the View control, loading the news article from the data service, via the HttpRequest.QueryString["id"]
            </summary>
            <param name="sender">The source of the event.</param>
            <param name="e">The <see cref="T:System.EventArgs"/> instance containing the event data.</param>
        </member>
        <member name="M:WebFormsMvp.Contrib.Presenters.NewsArticlePresenter.ReleaseView">
            <summary>
            Releases the view.
            </summary>
        </member>
        <member name="T:WebFormsMvp.Contrib.Models.AuthenticationModel">
            <summary>
            
            </summary>
        </member>
        <member name="P:WebFormsMvp.Contrib.Models.AuthenticationModel.IsAuthenticated">
            <summary>
            Gets or sets a value indicating whether this instance is authenticated.
            </summary>
            <value>
            	<c>true</c> if this instance is authenticated; otherwise, <c>false</c>.
            </value>
        </member>
        <member name="T:WebFormsMvp.Contrib.Views.ICancelable`1">
            <summary>
            Adds the Cancel event to a View
            </summary>
            <typeparam name="TEventArgs">The type of the event args.</typeparam>
        </member>
        <member name="E:WebFormsMvp.Contrib.Views.ICancelable`1.Cancel">
            <summary>
            Used to imply a form cancel-submit has occured
            </summary>
        </member>
        <member name="T:WebFormsMvp.Contrib.Views.IAuthenticationView">
            <summary>
            View implementation for Authentication
            </summary>
        </member>
        <member name="T:WebFormsMvp.Contrib.Views.ISubmittable`1">
            <summary>
            Adds the Submit event to a View
            </summary>
            <typeparam name="TEventArgs">The type of the event args.</typeparam>
        </member>
        <member name="E:WebFormsMvp.Contrib.Views.ISubmittable`1.Submit">
            <summary>
            Used to imply a form submit has occured
            </summary>
        </member>
        <member name="T:WebFormsMvp.Contrib.Views.AuthenticationEventArgs">
            <summary>
            Custom <see cref="T:System.EventArgs"/> for an Authentication event
            </summary>
        </member>
        <member name="P:WebFormsMvp.Contrib.Views.AuthenticationEventArgs.Username">
            <summary>
            Gets or sets the username.
            </summary>
            <value>The username.</value>
        </member>
        <member name="P:WebFormsMvp.Contrib.Views.AuthenticationEventArgs.Password">
            <summary>
            Gets or sets the password.
            </summary>
            <value>The password.</value>
        </member>
        <member name="T:WebFormsMvp.Contrib.Data.Models.INewsArticle">
            <summary>
            Defines a News Article which will be used within the <see cref="T:WebFormsMvp.Contrib.Data.Services.INewsService"/>
            </summary>
        </member>
        <member name="P:WebFormsMvp.Contrib.Data.Models.INewsArticle.Headline">
            <summary>
            Gets or sets the headline/ title of the article.
            </summary>
            <value>The headline.</value>
        </member>
        <member name="P:WebFormsMvp.Contrib.Data.Models.INewsArticle.ShortDescription">
            <summary>
            Gets or sets the short description/ blurb
            </summary>
            <value>The short description.</value>
        </member>
        <member name="P:WebFormsMvp.Contrib.Data.Models.INewsArticle.Body">
            <summary>
            Gets or sets the body.
            </summary>
            <value>The body.</value>
        </member>
        <member name="P:WebFormsMvp.Contrib.Data.Models.INewsArticle.PublishedDate">
            <summary>
            Gets or sets the published date.
            </summary>
            <value>The published date.</value>
        </member>
        <member name="P:WebFormsMvp.Contrib.Data.Models.INewsArticle.Link">
            <summary>
            Gets or sets the link.
            </summary>
            <value>The link.</value>
        </member>
        <member name="P:WebFormsMvp.Contrib.Data.Models.INewsArticle.AuthorName">
            <summary>
            Gets or sets the author.
            </summary>
            <value>The author.</value>
        </member>
        <member name="T:WebFormsMvp.Contrib.Data.Services.IAuthenticationService">
            <summary>
            Data Service providing authentication operations
            </summary>
        </member>
        <member name="M:WebFormsMvp.Contrib.Data.Services.IAuthenticationService.LogIn(System.String,System.String)">
            <summary>
            Logs the user in.
            </summary>
            <param name="username">The username.</param>
            <param name="password">The password.</param>
            <returns><c>Boolean</c> to indicate the login status</returns>
        </member>
        <member name="M:WebFormsMvp.Contrib.Data.Services.IAuthenticationService.LogOut">
            <summary>
            Logs the user out.
            </summary>
        </member>
        <member name="T:WebFormsMvp.Contrib.Models.GoogleAnalyticsModel">
            <summary>
            Model for Google Anaylitics tracking
            </summary>
        </member>
        <member name="P:WebFormsMvp.Contrib.Models.GoogleAnalyticsModel.TrackingCode">
            <summary>
            Gets or sets the tracking code.
            </summary>
            <value>The tracking code.</value>
        </member>
        <member name="T:WebFormsMvp.Contrib.Presenters.GoogleAnalyticsPresenter">
            <summary>
            
            </summary>
        </member>
        <member name="M:WebFormsMvp.Contrib.Presenters.GoogleAnalyticsPresenter.#ctor(WebFormsMvp.IView{WebFormsMvp.Contrib.Models.GoogleAnalyticsModel})">
            <summary>
            Initializes a new instance of the <see cref="T:WebFormsMvp.Contrib.Presenters.GoogleAnalyticsPresenter"/> class.
            </summary>
            <param name="view">The view.</param>
        </member>
        <member name="M:WebFormsMvp.Contrib.Presenters.GoogleAnalyticsPresenter.View_Load(System.Object,System.EventArgs)">
            <summary>
            Handles the Load event of the View control.
            </summary>
            <param name="sender">The source of the event.</param>
            <param name="e">The <see cref="T:System.EventArgs"/> instance containing the event data.</param>
        </member>
        <member name="M:WebFormsMvp.Contrib.Presenters.GoogleAnalyticsPresenter.ReleaseView">
            <summary>
            Releases the view.
            </summary>
        </member>
        <member name="T:WebFormsMvp.Contrib.Views.IFeedbackView">
            <summary>
            
            </summary>
        </member>
        <member name="T:WebFormsMvp.Contrib.Views.FeedbackEventArgs">
            <summary>
            <see cref="T:System.EventArgs"/> for a feedback submission event
            </summary>
        </member>
        <member name="P:WebFormsMvp.Contrib.Views.FeedbackEventArgs.FirstName">
            <summary>
            Gets or sets the first name.
            </summary>
            <value>The first name.</value>
        </member>
        <member name="P:WebFormsMvp.Contrib.Views.FeedbackEventArgs.LastName">
            <summary>
            Gets or sets the last name.
            </summary>
            <value>The last name.</value>
        </member>
        <member name="P:WebFormsMvp.Contrib.Views.FeedbackEventArgs.EmailAddress">
            <summary>
            Gets or sets the email address.
            </summary>
            <value>The email address.</value>
        </member>
        <member name="P:WebFormsMvp.Contrib.Views.FeedbackEventArgs.FeedbackType">
            <summary>
            Gets or sets the type of the feedback.
            </summary>
            <value>The type of the feedback.</value>
        </member>
        <member name="P:WebFormsMvp.Contrib.Views.FeedbackEventArgs.Feedback">
            <summary>
            Gets or sets the feedback.
            </summary>
            <value>The feedback.</value>
        </member>
        <member name="T:WebFormsMvp.Contrib.Views.IValidatable">
            <summary>
            An interface which defines something to be validatable
            </summary>
        </member>
        <member name="P:WebFormsMvp.Contrib.Views.IValidatable.IsValid">
            <summary>
            Gets a value indicating whether this instance is valid.
            </summary>
            <value><c>true</c> if this instance is valid; otherwise, <c>false</c>.</value>
        </member>
    </members>
</doc>
